{
    "DOUBAN_15481": "八公（Forest饰）是一条谜一样的犬，因为没有人知道它从哪里来。教授帕克（理查·基尔RichardGere饰）在小镇的火车站拣到一只走失的小狗，冥冥中似乎注定小狗和帕克教授有着某种缘分，帕克一抱起这只小狗就再也放不下来，最终，帕克对小狗八公的疼爱感化了起初极力反对养狗的妻子卡特（琼·艾伦JoanAllen饰）。八公在帕克的呵护下慢慢长大，帕克上班时八公会一直把他送到车站，下班时八公也会早早便爬在车站等候，八公的忠诚让小镇的人家对它更加疼爱。有一天，八公在帕克要上班时表现异常，居然玩起了以往从来不会的捡球游戏，八公的表现让帕克非常满意，可是就是在那天，帕克因病去世。帕克的妻子、女儿安迪（萨拉·罗默尔SarahRoemer饰）及女婿迈克尔（罗比·萨布莱特RobbieSublett饰）怀着无比沉痛的心情埋葬了帕克，可是不明就里的...(展开全部)",
    "DOUBAN_15482": "八公（Forest饰）是一条谜一样的犬，因为没有人知道它从哪里来。教授帕克（理查·基尔RichardGere饰）在小镇的火车站拣到一只走失的小狗，冥冥中似乎注定小狗和帕克教授有着某种缘分，帕克一抱起这只小狗就再也放不下来，最终，帕克对小狗八公的疼爱感化了起初极力反对养狗的妻子卡特（琼·艾伦JoanAllen饰）。八公在帕克的呵护下慢慢长大，帕克上班时八公会一直把他送到车站，下班时八公也会早早便爬在车站等候，八公的忠诚让小镇的人家对它更加疼爱。有一天，八公在帕克要上班时表现异常，居然玩起了以往从来不会的捡球游戏，八公的表现让帕克非常满意，可是就是在那天，帕克因病去世。帕克的妻子、女儿安迪（萨拉·罗默尔SarahRoemer饰）及女婿迈克尔（罗比·萨布莱特RobbieSublett饰）怀着无比沉痛的心情埋葬了帕克，可是不明就里的八公却依然每天傍晚五点准时守候在小站的门前，等待着主人归来……",
    "DOUBAN_15483": "本片根据上个世纪30年代发生在日本的真实故事改编，1987年在日本拍成电影后创造了40亿日元的票房。",
    "DOUBAN_15484": "忠犬八公的故事;电影演员:琼·艾伦、杰森·亚历山大、罗伯特·卡普荣、罗比·萨布莱特、艾瑞克·阿瓦利、田川洋行; 电影制作区域:英国; 电影编剧:新藤兼人、斯蒂芬·P·林赛; 电影语言:日语; 电影上映时间:2009 06 13、2010 03 12; 电影年份:2009; 电影评分:9.4; 电影评论数:1281; 电影总时长:93 分钟;",
    "DOUBAN_15485": "忠犬八公的故事;电影演员:琼·艾伦、杰森·亚历山大、罗比·萨布莱特、罗伯特·卡普荣、艾瑞克·阿瓦利、田川洋行; 电影制作区域:英国; 电影编剧:新藤兼人; 电影总时长:93 分钟; 电影年份:2009; 电影上映时间:2010 03 12、2009 06 13; 电影评论数:1281;",
    "BAIDU_02819": "《忠犬八公》是一部西安稼轩影视文化传媒有限公司出品的电影。",
    "BAIDU_02820": "忠犬八公;电影演员:琼·艾伦、理查·基尔; 电影编剧:新藤兼人、斯蒂芬·林赛; 电影颜色:彩色; 电影导演:莱塞·霍尔斯道姆; 电影语言:汉语、汉语普通话; 电影出品公司:Group; 电影制片公司:Inferno; 电影总时长:93 分钟;",
    "BAIDU_02821": "忠犬八公;电影演员:琼·艾伦; 电影编剧:斯蒂芬·林赛、新藤兼人; 电影颜色:彩色; 电影导演:莱塞·霍尔斯道姆; 电影语言:汉语、日语、汉语普通话; 电影制片公司:Distribution、Inferno; 电影出品公司:Pictures、Consolidated; 电影票房:4500 万; 电影总时长:93 分钟;",
    "BAIDU_02822": "忠犬八公;电影演员:理查·基尔; 电影编剧:新藤兼人、斯蒂芬·林赛; 电影颜色:彩色; 电影导演:莱塞·霍尔斯道姆; 电影制片公司:Distribution、Inferno; 电影出品公司:Group、Pictures; 电影语言:汉语普通话; 电影上映时间:2009 12 18; 电影票房:4500 万; 电影总时长:93 分钟;",
    "BAIDU_02823": "忠犬八公;电影演员:琼·艾伦、理查·基尔; 电影编剧:新藤兼人; 电影颜色:彩色; 电影导演:莱塞·霍尔斯道姆; 电影语言:汉语、汉语普通话; 电影制片公司:Distribution、Inferno; 电影出品公司:Group、Consolidated; 电影总时长:93 分钟; 电影上映时间:2009 12 18; 电影票房:4500 万;",
    "DOUBAN_02541": "讲述了在主人去世后，忠犬“八筒”坚持不懈十年在原地等待主人归来的感人故事。",
    "DOUBAN_02542": "忠犬八公;电影人物:陈敬修; 电影导演:徐昂; 电影编剧:张寒寺、李林; 电影制作区域:中国大陆; 电影演员:陈冲; 电影语言:汉语普通话; 电影上映时间:2021 12 31;"
}