{
    "DOUBAN_15481": 0,
    "DOUBAN_15482": 1,
    "DOUBAN_15483": 2,
    "DOUBAN_15484": 3,
    "DOUBAN_15485": 4,
    "BAIDU_02819": 5,
    "BAIDU_02820": 6,
    "BAIDU_02821": 7,
    "BAIDU_02822": 8,
    "BAIDU_02823": 9,
    "DOUBAN_02541": 10,
    "DOUBAN_02542": 11,
    "新藤兼人": 12,
    "琼·艾伦": 13,
    "理查·基尔": 14,
    "日语": 15,
    "汉语普通话": 16,
    "萨拉·罗默尔": 17,
    "莱塞·霍尔斯道姆": 18,
    "英国": 19,
    "艾瑞克·阿瓦利": 20,
    "罗比·萨布莱特": 21,
    "罗伯特·卡普荣": 22,
    "田川洋行": 23,
    "汉语": 24,
    "杰森·亚历山大": 25,
    "斯蒂芬·林赛": 26,
    "斯蒂芬·P·林赛": 27,
    "拉斯·霍尔斯道姆": 28,
    "彩色": 29,
    "Pictures": 30,
    "Inferno": 31,
    "Group": 32,
    "Distribution": 33,
    "Consolidated": 34,
    "龚宇": 35,
    "陈敬修": 36,
    "陈冲": 37,
    "李林": 38,
    "徐昂": 39,
    "张寒寺": 40,
    "冯小刚": 41,
    "中国大陆": 42
}